Pays;Annee;Safety
Afghanistan;2008;3.372
Angola;2008;2.395
Albania;2008;2.236
United Arab Emirates;2008;1.875
Argentina;2008;2.371
Armenia;2008;2.12
Australia;2008;1.521
Austria;2008;1.475
Azerbaijan;2008;2.3
Burundi;2008;2.692
Belgium;2008;1.667
Benin;2008;2.323
Burkina Faso;2008;1.801
Bangladesh;2008;2.315
Bulgaria;2008;2.073
Bahrain;2008;2.097
Bosnia and Herzegovina;2008;1.967
Belarus;2008;2.582
Bolivia;2008;2.42
Brazil;2008;2.711
Bhutan;2008;2.175
Botswana;2008;2.475
Central African Republic;2008;3.016
Canada;2008;1.384
Switzerland;2008;1.383
Chile;2008;1.916
China;2008;2.316
Côte d´Ivoire;2008;2.904
Cameroon;2008;2.749
Congo [Republic];2008;3.291
Congo [DRC];2008;2.614
Colombia;2008;3.234
Costa Rica;2008;1.974
Cuba;2008;2.523
Cyprus;2008;1.798
Czech Republic;2008;1.776
Germany;2008;1.548
Djibouti;2008;2.137
Denmark;2008;1.261
Dominican Republic;2008;2.622
Algeria;2008;2.524
Ecuador;2008;2.629
Egypt;2008;2.202
Eritrea;2008;3.059
Spain;2008;1.785
Estonia;2008;1.985
Ethiopia;2008;2.352
Finland;2008;1.319
France;2008;1.603
Gabon;2008;2.57
United Kingdom;2008;1.72
Georgia;2008;2.924
Ghana;2008;1.852
Guinea;2008;2.593
Gambia;2008;2.324
Guinea-Bissau;2008;2.469
Equatorial Guinea;2008;2.301
Greece;2008;1.889
Guatemala;2008;2.935
Guyana;2008;2.719
Honduras;2008;2.833
Croatia;2008;1.898
Haiti;2008;2.635
Hungary;2008;1.6
Indonesia;2008;2.042
India;2008;2.128
Ireland;2008;1.496
Iran;2008;2.727
Iraq;2008;4.109
Iceland;2008;1.282
Israel;2008;2.367
Italy;2008;1.752
Jamaica;2008;2.799
Jordan;2008;2.068
Japan;2008;1.314
Kazakhstan;2008;2.595
Kenya;2008;2.817
Kyrgyzstan;2008;2.729
Cambodia;2008;2.525
South Korea;2008;1.49
Kosovo;2008;2.318
Kuwait;2008;1.652
Laos;2008;2.081
Lebanon;2008;2.486
Liberia;2008;2.382
Libya;2008;2.3
Sri Lanka;2008;2.59
Lesotho;2008;2.418
Lithuania;2008;2.176
Latvia;2008;2.192
Morocco;2008;2.284
Moldova;2008;2.4
Madagascar;2008;2.031
Mexico;2008;2.65
Macedonia [FYROM];2008;2.179
Mali;2008;2.598
Myanmar [Burma];2008;2.296
Montenegro;2008;2.231
Mongolia;2008;2.581
Mozambique;2008;1.989
Mauritania;2008;2.808
Mauritius;2008;2.231
Malawi;2008;2.01
Malaysia;2008;2.084
Namibia;2008;2.517
Niger;2008;2.233
Nigeria;2008;2.981
Nicaragua;2008;2.155
Netherlands;2008;1.462
Norway;2008;1.219
Nepal;2008;2.492
New Zealand;2008;1.537
Oman;2008;1.792
Pakistan;2008;2.854
Panama;2008;2.193
Peru;2008;2.488
Philippines;2008;2.599
Papua New Guinea;2008;2.504
Poland;2008;1.725
North Korea;2008;2.778
Portugal;2008;1.607
Paraguay;2008;2.544
Qatar;2008;1.567
Romania;2008;1.814
Russia;2008;3.308
Rwanda;2008;2.198
Saudi Arabia;2008;2.36
Sudan;2008;3.129
Senegal;2008;2.004
Singapore;2008;1.392
Sierra Leone;2008;2.151
El Salvador;2008;2.764
Somalia;2008;3.413
Serbia;2008;2.191
Slovakia;2008;1.845
Slovenia;2008;1.356
Sweden;2008;1.3
Syria;2008;2.21
Chad;2008;2.94
Togo;2008;2.334
Thailand;2008;2.895
Tajikistan;2008;2.471
Turkmenistan;2008;2.369
Timor-Leste;2008;2.518
Trinidad and Tobago;2008;2.861
Tunisia;2008;2.159
Turkey;2008;2.599
Taiwan;2008;1.678
Tanzania;2008;2.154
Uganda;2008;2.744
Ukraine;2008;2.592
Uruguay;2008;2.0
United States;2008;2.143
Uzbekistan;2008;2.445
Venezuela;2008;2.761
Vietnam;2008;1.928
Yemen;2008;2.55
South Africa;2008;3.026
Zambia;2008;2.427
Zimbabwe;2008;2.792
Afghanistan;2009;3.603
Angola;2009;2.318
Albania;2009;2.181
United Arab Emirates;2009;1.838
Argentina;2009;2.375
Armenia;2009;2.197
Australia;2009;1.577
Austria;2009;1.533
Azerbaijan;2009;2.449
Burundi;2009;2.665
Belgium;2009;1.7
Benin;2009;2.2
Burkina Faso;2009;2.032
Bangladesh;2009;2.314
Bulgaria;2009;2.077
Bahrain;2009;2.162
Bosnia and Herzegovina;2009;2.128
Belarus;2009;2.563
Bolivia;2009;2.386
Brazil;2009;2.729
Bhutan;2009;2.216
Botswana;2009;2.482
Central African Republic;2009;3.069
Canada;2009;1.477
Switzerland;2009;1.428
Chile;2009;1.949
China;2009;2.293
Côte d´Ivoire;2009;2.893
Cameroon;2009;2.499
Congo [Republic];2009;3.339
Congo [DRC];2009;2.621
Colombia;2009;3.201
Costa Rica;2009;1.983
Cuba;2009;2.495
Cyprus;2009;1.785
Czech Republic;2009;1.838
Germany;2009;1.517
Djibouti;2009;2.135
Denmark;2009;1.241
Dominican Republic;2009;2.628
Algeria;2009;2.516
Ecuador;2009;2.67
Egypt;2009;2.111
Eritrea;2009;3.072
Spain;2009;1.897
Estonia;2009;2.086
Ethiopia;2009;2.459
Finland;2009;1.328
France;2009;1.626
Gabon;2009;2.497
United Kingdom;2009;1.739
Georgia;2009;3.012
Ghana;2009;2.082
Guinea;2009;2.689
Gambia;2009;2.324
Guinea-Bissau;2009;2.341
Equatorial Guinea;2009;2.137
Greece;2009;2.013
Guatemala;2009;2.855
Guyana;2009;2.758
Honduras;2009;2.785
Croatia;2009;1.873
Haiti;2009;2.553
Hungary;2009;1.699
Indonesia;2009;2.043
India;2009;2.227
Ireland;2009;1.627
Iran;2009;2.726
Iraq;2009;4.088
Iceland;2009;1.316
Israel;2009;2.398
Italy;2009;1.948
Jamaica;2009;2.785
Jordan;2009;2.08
Japan;2009;1.308
Kazakhstan;2009;2.63
Kenya;2009;2.77
Kyrgyzstan;2009;2.637
Cambodia;2009;2.562
South Korea;2009;1.589
Kosovo;2009;2.326
Kuwait;2009;1.651
Laos;2009;2.14
Lebanon;2009;2.444
Liberia;2009;2.359
Libya;2009;2.228
Sri Lanka;2009;2.697
Lesotho;2009;2.537
Lithuania;2009;2.09
Latvia;2009;2.212
Morocco;2009;2.267
Moldova;2009;2.349
Madagascar;2009;2.182
Mexico;2009;2.687
Macedonia [FYROM];2009;2.281
Mali;2009;2.397
Myanmar [Burma];2009;2.406
Montenegro;2009;2.293
Mongolia;2009;2.601
Mozambique;2009;2.226
Mauritania;2009;2.735
Mauritius;2009;2.228
Malawi;2009;2.217
Malaysia;2009;2.083
Namibia;2009;2.561
Niger;2009;2.34
Nigeria;2009;3.034
Nicaragua;2009;2.101
Netherlands;2009;1.433
Norway;2009;1.217
Nepal;2009;2.36
New Zealand;2009;1.627
Oman;2009;1.89
Pakistan;2009;2.886
Panama;2009;2.138
Peru;2009;2.267
Philippines;2009;2.617
Papua New Guinea;2009;2.45
Poland;2009;1.786
North Korea;2009;2.786
Portugal;2009;1.594
Paraguay;2009;2.522
Qatar;2009;1.553
Romania;2009;1.793
Russia;2009;3.327
Rwanda;2009;2.213
Saudi Arabia;2009;2.437
Sudan;2009;3.162
Senegal;2009;2.035
Singapore;2009;1.347
Sierra Leone;2009;2.087
El Salvador;2009;2.849
Somalia;2009;3.575
Serbia;2009;2.366
Slovakia;2009;1.818
Slovenia;2009;1.364
Sweden;2009;1.325
Syria;2009;2.298
Chad;2009;2.948
Togo;2009;2.33
Thailand;2009;2.921
Tajikistan;2009;2.389
Turkmenistan;2009;2.329
Timor-Leste;2009;2.291
Trinidad and Tobago;2009;2.784
Tunisia;2009;2.266
Turkey;2009;2.693
Taiwan;2009;1.616
Tanzania;2009;2.143
Uganda;2009;2.762
Ukraine;2009;2.628
Uruguay;2009;2.002
United States;2009;2.308
Uzbekistan;2009;2.444
Venezuela;2009;2.782
Vietnam;2009;1.999
Yemen;2009;2.74
South Africa;2009;3.214
Zambia;2009;2.292
Zimbabwe;2009;3.05
Afghanistan;2010;3.549
Angola;2010;2.266
Albania;2010;2.165
United Arab Emirates;2010;1.823
Argentina;2010;2.404
Armenia;2010;2.282
Australia;2010;1.536
Austria;2010;1.486
Azerbaijan;2010;2.409
Burundi;2010;2.668
Belgium;2010;1.67
Benin;2010;2.235
Burkina Faso;2010;1.886
Bangladesh;2010;2.495
Bulgaria;2010;2.028
Bahrain;2010;2.035
Bosnia and Herzegovina;2010;2.126
Belarus;2010;2.512
Bolivia;2010;2.381
Brazil;2010;2.668
Bhutan;2010;2.328
Botswana;2010;2.495
Central African Republic;2010;3.063
Canada;2010;1.482
Switzerland;2010;1.421
Chile;2010;1.983
China;2010;2.367
Côte d´Ivoire;2010;2.725
Cameroon;2010;2.758
Congo [Republic];2010;3.378
Congo [DRC];2010;2.676
Colombia;2010;3.301
Costa Rica;2010;2.064
Cuba;2010;2.493
Cyprus;2010;2.179
Czech Republic;2010;1.733
Germany;2010;1.525
Djibouti;2010;2.024
Denmark;2010;1.317
Dominican Republic;2010;2.807
Algeria;2010;2.485
Ecuador;2010;2.581
Egypt;2010;2.157
Eritrea;2010;3.043
Spain;2010;1.869
Estonia;2010;1.934
Ethiopia;2010;2.346
Finland;2010;1.33
France;2010;1.537
Gabon;2010;2.548
United Kingdom;2010;1.738
Georgia;2010;3.188
Ghana;2010;2.075
Guinea;2010;2.784
Gambia;2010;2.274
Guinea-Bissau;2010;2.342
Equatorial Guinea;2010;2.138
Greece;2010;2.066
Guatemala;2010;2.639
Guyana;2010;2.718
Honduras;2010;2.768
Croatia;2010;1.789
Haiti;2010;2.481
Hungary;2010;1.643
Indonesia;2010;2.047
India;2010;2.169
Ireland;2010;1.57
Iran;2010;2.761
Iraq;2010;3.999
Iceland;2010;1.264
Israel;2010;2.441
Italy;2010;1.852
Jamaica;2010;2.853
Jordan;2010;2.177
Japan;2010;1.296
Kazakhstan;2010;2.666
Kenya;2010;2.798
Kyrgyzstan;2010;2.392
Cambodia;2010;2.562
South Korea;2010;1.66
Kosovo;2010;2.313
Kuwait;2010;1.599
Laos;2010;1.896
Lebanon;2010;2.361
Liberia;2010;2.436
Libya;2010;2.152
Sri Lanka;2010;2.664
Lesotho;2010;2.422
Lithuania;2010;2.087
Latvia;2010;2.175
Morocco;2010;2.211
Moldova;2010;2.382
Madagascar;2010;2.187
Mexico;2010;2.71
Macedonia [FYROM];2010;2.207
Mali;2010;2.58
Myanmar [Burma];2010;2.27
Montenegro;2010;2.226
Mongolia;2010;2.654
Mozambique;2010;2.166
Mauritania;2010;2.733
Mauritius;2010;2.228
Malawi;2010;2.161
Malaysia;2010;2.001
Namibia;2010;2.561
Niger;2010;2.436
Nigeria;2010;3.03
Nicaragua;2010;2.233
Netherlands;2010;1.489
Norway;2010;1.22
Nepal;2010;2.437
New Zealand;2010;1.57
Oman;2010;1.778
Pakistan;2010;3.007
Panama;2010;2.414
Peru;2010;2.373
Philippines;2010;2.58
Papua New Guinea;2010;2.401
Poland;2010;1.696
North Korea;2010;2.9
Portugal;2010;1.639
Paraguay;2010;2.523
Qatar;2010;1.491
Romania;2010;1.916
Russia;2010;3.326
Rwanda;2010;2.263
Saudi Arabia;2010;2.495
Sudan;2010;3.081
Senegal;2010;2.076
Singapore;2010;1.284
Sierra Leone;2010;2.197
El Salvador;2010;2.771
Somalia;2010;3.577
Serbia;2010;2.366
Slovakia;2010;1.729
Slovenia;2010;1.371
Sweden;2010;1.365
Syria;2010;2.336
Chad;2010;3.081
Togo;2010;2.285
Thailand;2010;2.854
Tajikistan;2010;2.285
Turkmenistan;2010;2.388
Timor-Leste;2010;2.129
Trinidad and Tobago;2010;2.905
Tunisia;2010;2.109
Turkey;2010;2.617
Taiwan;2010;1.538
Tanzania;2010;2.232
Uganda;2010;2.722
Ukraine;2010;2.639
Uruguay;2010;1.993
United States;2010;2.28
Uzbekistan;2010;2.488
Venezuela;2010;2.871
Vietnam;2010;2.055
Yemen;2010;2.792
South Africa;2010;3.185
Zambia;2010;2.401
Zimbabwe;2010;2.965
Afghanistan;2011;3.549
Angola;2011;2.378
Albania;2011;2.148
United Arab Emirates;2011;1.673
Argentina;2011;2.559
Armenia;2011;2.175
Australia;2011;1.549
Austria;2011;1.551
Azerbaijan;2011;2.394
Burundi;2011;2.586
Belgium;2011;1.698
Benin;2011;2.2
Burkina Faso;2011;2.121
Bangladesh;2011;2.542
Bulgaria;2011;1.987
Bahrain;2011;2.472
Bosnia and Herzegovina;2011;2.127
Belarus;2011;2.437
Bolivia;2011;2.323
Brazil;2011;2.712
Bhutan;2011;2.271
Botswana;2011;2.605
Central African Republic;2011;3.121
Canada;2011;1.412
Switzerland;2011;1.366
Chile;2011;2.026
China;2011;2.348
Côte d´Ivoire;2011;3.016
Cameroon;2011;2.49
Congo [Republic];2011;3.299
Congo [DRC];2011;2.617
Colombia;2011;3.341
Costa Rica;2011;2.117
Cuba;2011;2.479
Cyprus;2011;2.18
Czech Republic;2011;1.703
Germany;2011;1.505
Djibouti;2011;2.092
Denmark;2011;1.321
Dominican Republic;2011;2.819
Algeria;2011;2.663
Ecuador;2011;2.592
Egypt;2011;2.714
Eritrea;2011;3.144
Spain;2011;1.832
Estonia;2011;1.862
Ethiopia;2011;2.378
Finland;2011;1.325
France;2011;1.548
Gabon;2011;2.475
United Kingdom;2011;1.737
Georgia;2011;2.995
Ghana;2011;2.066
Guinea;2011;2.862
Gambia;2011;2.392
Guinea-Bissau;2011;2.562
Equatorial Guinea;2011;2.163
Greece;2011;2.079
Guatemala;2011;2.761
Guyana;2011;2.877
Honduras;2011;2.91
Croatia;2011;1.791
Haiti;2011;2.458
Hungary;2011;1.656
Indonesia;2011;2.082
India;2011;2.152
Ireland;2011;1.626
Iran;2011;2.861
Iraq;2011;3.895
Iceland;2011;1.266
Israel;2011;2.385
Italy;2011;1.932
Jamaica;2011;2.883
Jordan;2011;2.184
Japan;2011;1.273
Kazakhstan;2011;2.563
Kenya;2011;2.754
Kyrgyzstan;2011;2.55
Cambodia;2011;2.508
South Korea;2011;1.683
Kosovo;2011;2.363
Kuwait;2011;1.612
Laos;2011;1.955
Lebanon;2011;2.407
Liberia;2011;2.447
Libya;2011;2.982
Sri Lanka;2011;2.731
Lesotho;2011;2.417
Lithuania;2011;2.204
Latvia;2011;2.236
Morocco;2011;2.373
Moldova;2011;2.414
Madagascar;2011;2.325
Mexico;2011;2.958
Macedonia [FYROM];2011;2.181
Mali;2011;2.321
Myanmar [Burma];2011;2.294
Montenegro;2011;2.371
Mongolia;2011;2.415
Mozambique;2011;2.28
Mauritania;2011;2.75
Mauritius;2011;2.241
Malawi;2011;2.078
Malaysia;2011;1.936
Namibia;2011;2.505
Niger;2011;2.305
Nigeria;2011;3.109
Nicaragua;2011;2.308
Netherlands;2011;1.471
Norway;2011;1.231
Nepal;2011;2.761
New Zealand;2011;1.582
Oman;2011;2.097
Pakistan;2011;2.97
Panama;2011;2.4
Peru;2011;2.44
Philippines;2011;2.588
Papua New Guinea;2011;2.483
Poland;2011;1.643
North Korea;2011;2.99
Portugal;2011;1.672
Paraguay;2011;2.489
Qatar;2011;1.494
Romania;2011;1.89
Russia;2011;3.231
Rwanda;2011;2.211
Saudi Arabia;2011;2.503
Sudan;2011;3.179
Senegal;2011;2.204
Singapore;2011;1.345
Sierra Leone;2011;2.132
El Salvador;2011;2.825
Somalia;2011;3.433
Serbia;2011;2.376
Slovakia;2011;1.756
Slovenia;2011;1.325
Sweden;2011;1.35
Syria;2011;2.359
Chad;2011;3.001
Togo;2011;2.331
Thailand;2011;2.901
Tajikistan;2011;2.275
Turkmenistan;2011;2.552
Timor-Leste;2011;2.04
Trinidad and Tobago;2011;2.906
Tunisia;2011;2.315
Turkey;2011;2.678
Taiwan;2011;1.516
Tanzania;2011;2.277
Uganda;2011;2.701
Ukraine;2011;2.583
Uruguay;2011;1.982
United States;2011;2.161
Uzbekistan;2011;2.503
Venezuela;2011;2.91
Vietnam;2011;2.081
Yemen;2011;2.971
South Africa;2011;3.108
Zambia;2011;2.45
Zimbabwe;2011;2.791
Afghanistan;2012;3.593
Angola;2012;2.343
Albania;2012;2.211
United Arab Emirates;2012;1.789
Argentina;2012;2.534
Armenia;2012;2.187
Australia;2012;1.599
Austria;2012;1.492
Azerbaijan;2012;2.471
Burundi;2012;2.579
Belgium;2012;1.732
Benin;2012;2.177
Burkina Faso;2012;2.011
Bangladesh;2012;2.624
Bulgaria;2012;2.009
Bahrain;2012;2.219
Bosnia and Herzegovina;2012;2.169
Belarus;2012;2.471
Bolivia;2012;2.378
Brazil;2012;2.73
Bhutan;2012;1.925
Botswana;2012;2.383
Central African Republic;2012;3.161
Canada;2012;1.385
Switzerland;2012;1.314
Chile;2012;1.973
China;2012;2.341
Côte d´Ivoire;2012;2.708
Cameroon;2012;2.681
Congo [Republic];2012;3.432
Congo [DRC];2012;2.532
Colombia;2012;3.395
Costa Rica;2012;2.022
Cuba;2012;2.493
Cyprus;2012;2.249
Czech Republic;2012;1.68
Germany;2012;1.547
Djibouti;2012;2.064
Denmark;2012;1.29
Dominican Republic;2012;2.759
Algeria;2012;2.577
Ecuador;2012;2.509
Egypt;2012;2.875
Eritrea;2012;3.177
Spain;2012;1.747
Estonia;2012;1.882
Ethiopia;2012;2.541
Finland;2012;1.316
France;2012;1.646
Gabon;2012;2.357
United Kingdom;2012;1.675
Georgia;2012;2.857
Ghana;2012;2.094
Guinea;2012;2.561
Gambia;2012;2.398
Guinea-Bissau;2012;2.475
Equatorial Guinea;2012;2.223
Greece;2012;2.212
Guatemala;2012;2.784
Guyana;2012;2.641
Honduras;2012;2.806
Croatia;2012;1.757
Haiti;2012;2.454
Hungary;2012;1.665
Indonesia;2012;2.075
India;2012;2.219
Ireland;2012;1.566
Iran;2012;2.852
Iraq;2012;3.901
Iceland;2012;1.246
Israel;2012;2.386
Italy;2012;1.961
Jamaica;2012;2.935
Jordan;2012;2.134
Japan;2012;1.386
Kazakhstan;2012;2.705
Kenya;2012;2.744
Kyrgyzstan;2012;2.84
Cambodia;2012;2.492
South Korea;2012;1.512
Kosovo;2012;2.216
Kuwait;2012;1.686
Laos;2012;1.971
Lebanon;2012;2.263
Liberia;2012;2.452
Libya;2012;2.699
Sri Lanka;2012;2.554
Lesotho;2012;2.481
Lithuania;2012;2.141
Latvia;2012;2.253
Morocco;2012;2.425
Moldova;2012;2.405
Madagascar;2012;2.256
Mexico;2012;3.066
Macedonia [FYROM];2012;2.133
Mali;2012;2.306
Myanmar [Burma];2012;2.433
Montenegro;2012;2.255
Mongolia;2012;2.381
Mozambique;2012;2.185
Mauritania;2012;2.832
Mauritius;2012;2.266
Malawi;2012;2.221
Malaysia;2012;2.07
Namibia;2012;2.58
Niger;2012;2.378
Nigeria;2012;3.249
Nicaragua;2012;2.35
Netherlands;2012;1.472
Norway;2012;1.424
Nepal;2012;2.458
New Zealand;2012;1.581
Oman;2012;2.113
Pakistan;2012;3.147
Panama;2012;2.564
Peru;2012;2.494
Philippines;2012;2.734
Papua New Guinea;2012;2.525
Poland;2012;1.647
North Korea;2012;2.881
Portugal;2012;1.677
Paraguay;2012;2.642
Qatar;2012;1.429
Romania;2012;1.797
Russia;2012;3.201
Rwanda;2012;2.272
Saudi Arabia;2012;2.526
Sudan;2012;3.32
Senegal;2012;2.208
Singapore;2012;1.344
Sierra Leone;2012;2.233
El Salvador;2012;2.919
Somalia;2012;3.552
Serbia;2012;2.354
Slovakia;2012;1.774
Slovenia;2012;1.321
Sweden;2012;1.319
Syria;2012;2.62
Chad;2012;2.99
Togo;2012;2.33
Thailand;2012;2.947
Tajikistan;2012;2.292
Turkmenistan;2012;2.611
Timor-Leste;2012;2.034
Trinidad and Tobago;2012;2.914
Tunisia;2012;2.564
Turkey;2012;2.591
Taiwan;2012;1.536
Tanzania;2012;2.253
Uganda;2012;2.717
Ukraine;2012;2.542
Uruguay;2012;2.023
United States;2012;2.156
Uzbekistan;2012;2.513
Venezuela;2012;2.83
Vietnam;2012;2.265
Yemen;2012;2.981
South Africa;2012;3.116
Zambia;2012;2.502
Zimbabwe;2012;2.753
Afghanistan;2013;3.79
Angola;2013;2.434
Albania;2013;2.217
United Arab Emirates;2013;1.682
Argentina;2013;2.525
Armenia;2013;2.207
Australia;2013;1.522
Austria;2013;1.353
Azerbaijan;2013;2.512
Burundi;2013;2.66
Belgium;2013;1.657
Benin;2013;2.231
Burkina Faso;2013;2.317
Bangladesh;2013;2.592
Bulgaria;2013;2.108
Bahrain;2013;2.497
Bosnia and Herzegovina;2013;2.107
Belarus;2013;2.331
Bolivia;2013;2.375
Brazil;2013;2.695
Bhutan;2013;1.818
Botswana;2013;2.282
Central African Republic;2013;3.378
Canada;2013;1.37
Switzerland;2013;1.304
Chile;2013;1.993
China;2013;2.307
Côte d´Ivoire;2013;2.882
Cameroon;2013;2.504
Congo [Republic];2013;3.431
Congo [DRC];2013;2.565
Colombia;2013;3.373
Costa Rica;2013;2.182
Cuba;2013;2.477
Cyprus;2013;2.178
Czech Republic;2013;1.673
Germany;2013;1.517
Djibouti;2013;2.377
Denmark;2013;1.269
Dominican Republic;2013;2.769
Algeria;2013;2.571
Ecuador;2013;2.551
Egypt;2013;3.038
Eritrea;2013;3.239
Spain;2013;1.807
Estonia;2013;1.912
Ethiopia;2013;2.496
Finland;2013;1.315
France;2013;1.675
Gabon;2013;2.387
United Kingdom;2013;1.721
Georgia;2013;2.661
Ghana;2013;2.134
Guinea;2013;2.671
Gambia;2013;2.473
Guinea-Bissau;2013;2.423
Equatorial Guinea;2013;2.117
Greece;2013;2.248
Guatemala;2013;2.78
Guyana;2013;2.723
Honduras;2013;2.764
Croatia;2013;1.862
Haiti;2013;2.389
Hungary;2013;1.647
Indonesia;2013;2.04
India;2013;2.281
Ireland;2013;1.561
Iran;2013;2.679
Iraq;2013;3.588
Iceland;2013;1.236
Israel;2013;2.361
Italy;2013;2.028
Jamaica;2013;2.811
Jordan;2013;2.096
Japan;2013;1.304
Kazakhstan;2013;2.491
Kenya;2013;2.728
Kyrgyzstan;2013;2.796
Cambodia;2013;2.411
South Korea;2013;1.501
Kosovo;2013;2.235
Kuwait;2013;1.8
Laos;2013;1.948
Lebanon;2013;2.357
Liberia;2013;2.294
Libya;2013;2.838
Sri Lanka;2013;2.56
Lesotho;2013;2.453
Lithuania;2013;2.161
Latvia;2013;2.239
Morocco;2013;2.319
Moldova;2013;2.359
Madagascar;2013;2.271
Mexico;2013;3.132
Macedonia [FYROM];2013;2.123
Mali;2013;2.801
Myanmar [Burma];2013;2.514
Montenegro;2013;2.149
Mongolia;2013;2.503
Mozambique;2013;2.204
Mauritania;2013;2.752
Mauritius;2013;2.094
Malawi;2013;2.211
Malaysia;2013;1.994
Namibia;2013;2.601
Niger;2013;2.363
Nigeria;2013;3.125
Nicaragua;2013;2.339
Netherlands;2013;1.427
Norway;2013;1.348
Nepal;2013;2.586
New Zealand;2013;1.524
Oman;2013;2.028
Pakistan;2013;3.196
Panama;2013;2.478
Peru;2013;2.545
Philippines;2013;2.686
Papua New Guinea;2013;2.5
Poland;2013;1.647
North Korea;2013;2.959
Portugal;2013;1.704
Paraguay;2013;2.541
Qatar;2013;1.432
Romania;2013;1.816
Russia;2013;3.214
Rwanda;2013;2.35
Saudi Arabia;2013;2.3
Sudan;2013;3.356
Senegal;2013;2.087
Singapore;2013;1.363
Sierra Leone;2013;2.194
El Salvador;2013;2.946
Somalia;2013;3.632
Serbia;2013;2.293
Slovakia;2013;1.742
Slovenia;2013;1.317
Sweden;2013;1.308
Syria;2013;3.485
Chad;2013;2.791
Togo;2013;2.374
Thailand;2013;2.825
Tajikistan;2013;2.402
Turkmenistan;2013;2.611
Timor-Leste;2013;2.037
Trinidad and Tobago;2013;2.783
Tunisia;2013;2.445
Turkey;2013;2.61
Taiwan;2013;1.5
Tanzania;2013;2.33
Uganda;2013;2.655
Ukraine;2013;2.574
Uruguay;2013;2.076
United States;2013;2.132
Uzbekistan;2013;2.457
Venezuela;2013;2.881
Vietnam;2013;2.097
Yemen;2013;2.74
South Africa;2013;3.083
Zambia;2013;2.323
Zimbabwe;2013;2.713
Afghanistan;2014;3.644
Angola;2014;2.42
Albania;2014;2.271
United Arab Emirates;2014;1.713
Argentina;2014;2.434
Armenia;2014;2.082
Australia;2014;1.459
Austria;2014;1.351
Azerbaijan;2014;2.459
Burundi;2014;2.563
Belgium;2014;1.635
Benin;2014;2.118
Burkina Faso;2014;2.054
Bangladesh;2014;2.499
Bulgaria;2014;1.959
Bahrain;2014;2.477
Bosnia and Herzegovina;2014;2.047
Belarus;2014;2.301
Bolivia;2014;2.378
Brazil;2014;2.897
Bhutan;2014;1.804
Botswana;2014;2.481
Central African Republic;2014;3.747
Canada;2014;1.346
Switzerland;2014;1.283
Chile;2014;1.975
China;2014;2.296
Côte d´Ivoire;2014;2.81
Cameroon;2014;2.507
Congo [Republic];2014;3.439
Congo [DRC];2014;2.548
Colombia;2014;3.427
Costa Rica;2014;2.127
Cuba;2014;2.484
Cyprus;2014;2.305
Czech Republic;2014;1.655
Germany;2014;1.492
Djibouti;2014;2.205
Denmark;2014;1.259
Dominican Republic;2014;2.627
Algeria;2014;2.43
Ecuador;2014;2.509
Egypt;2014;3.098
Eritrea;2014;3.267
Spain;2014;1.741
Estonia;2014;1.858
Ethiopia;2014;2.554
Finland;2014;1.31
France;2014;1.644
Gabon;2014;2.41
United Kingdom;2014;1.701
Georgia;2014;2.617
Ghana;2014;2.051
Guinea;2014;2.802
Gambia;2014;2.547
Guinea-Bissau;2014;2.784
Equatorial Guinea;2014;2.163
Greece;2014;2.255
Guatemala;2014;2.675
Guyana;2014;2.763
Honduras;2014;2.716
Croatia;2014;1.809
Haiti;2014;2.586
Hungary;2014;1.676
Indonesia;2014;2.083
India;2014;2.3
Ireland;2014;1.517
Iran;2014;2.622
Iraq;2014;3.593
Iceland;2014;1.236
Israel;2014;2.322
Italy;2014;1.954
Jamaica;2014;2.682
Jordan;2014;2.105
Japan;2014;1.292
Kazakhstan;2014;2.51
Kenya;2014;2.882
Kyrgyzstan;2014;2.594
Cambodia;2014;2.421
South Korea;2014;1.506
Kosovo;2014;2.222
Kuwait;2014;1.7
Laos;2014;1.986
Lebanon;2014;2.562
Liberia;2014;2.378
Libya;2014;2.757
Sri Lanka;2014;2.398
Lesotho;2014;2.357
Lithuania;2014;2.137
Latvia;2014;2.134
Morocco;2014;2.349
Moldova;2014;2.328
Madagascar;2014;2.485
Mexico;2014;3.013
Macedonia [FYROM];2014;2.079
Mali;2014;2.786
Myanmar [Burma];2014;2.354
Montenegro;2014;2.151
Mongolia;2014;2.28
Mozambique;2014;2.321
Mauritania;2014;2.719
Mauritius;2014;2.092
Malawi;2014;2.179
Malaysia;2014;2.051
Namibia;2014;2.544
Niger;2014;2.333
Nigeria;2014;3.149
Nicaragua;2014;2.28
Netherlands;2014;1.435
Norway;2014;1.407
Nepal;2014;2.502
New Zealand;2014;1.528
Oman;2014;2.024
Pakistan;2014;3.222
Panama;2014;2.553
Peru;2014;2.559
Philippines;2014;2.688
Papua New Guinea;2014;2.363
Poland;2014;1.639
North Korea;2014;2.955
Portugal;2014;1.655
Paraguay;2014;2.457
Qatar;2014;1.427
Romania;2014;1.797
Russia;2014;3.172
Rwanda;2014;2.41
Saudi Arabia;2014;2.04
Sudan;2014;3.548
Senegal;2014;2.088
Singapore;2014;1.372
Sierra Leone;2014;2.131
El Salvador;2014;2.837
Somalia;2014;3.594
Serbia;2014;2.192
Slovakia;2014;1.696
Slovenia;2014;1.316
Sweden;2014;1.272
Syria;2014;3.407
Chad;2014;2.716
Togo;2014;2.437
Thailand;2014;2.921
Tajikistan;2014;2.443
Turkmenistan;2014;2.692
Timor-Leste;2014;2.16
Trinidad and Tobago;2014;2.728
Tunisia;2014;2.49
Turkey;2014;2.631
Taiwan;2014;1.475
Tanzania;2014;2.361
Uganda;2014;2.626
Ukraine;2014;2.676
Uruguay;2014;2.074
United States;2014;2.15
Uzbekistan;2014;2.43
Venezuela;2014;3.063
Vietnam;2014;2.166
Yemen;2014;2.698
South Africa;2014;3.166
Zambia;2014;2.361
Zimbabwe;2014;2.677
Afghanistan;2015;3.862
Angola;2015;2.352
Albania;2015;2.25
United Arab Emirates;2015;1.899
Argentina;2015;2.511
Armenia;2015;2.067
Australia;2015;1.473
Austria;2015;1.329
Azerbaijan;2015;2.391
Burundi;2015;2.648
Belgium;2015;1.728
Benin;2015;2.242
Burkina Faso;2015;2.482
Bangladesh;2015;2.383
Bulgaria;2015;2.069
Bahrain;2015;2.539
Bosnia and Herzegovina;2015;2.145
Belarus;2015;2.349
Bolivia;2015;2.388
Brazil;2015;3.056
Bhutan;2015;1.756
Botswana;2015;2.348
Central African Republic;2015;3.78
Canada;2015;1.427
Switzerland;2015;1.277
Chile;2015;2.046
China;2015;2.36
Côte d´Ivoire;2015;2.656
Cameroon;2015;2.698
Congo [Republic];2015;3.703
Congo [DRC];2015;2.682
Colombia;2015;3.502
Costa Rica;2015;2.156
Cuba;2015;2.507
Cyprus;2015;2.205
Czech Republic;2015;1.588
Germany;2015;1.501
Djibouti;2015;2.386
Denmark;2015;1.323
Dominican Republic;2015;2.649
Algeria;2015;2.35
Ecuador;2015;2.443
Egypt;2015;3.052
Eritrea;2015;3.264
Spain;2015;1.724
Estonia;2015;1.833
Ethiopia;2015;2.544
Finland;2015;1.283
France;2015;1.709
Gabon;2015;2.489
United Kingdom;2015;1.705
Georgia;2015;2.288
Ghana;2015;1.933
Guinea;2015;2.704
Gambia;2015;2.551
Guinea-Bissau;2015;2.363
Equatorial Guinea;2015;2.175
Greece;2015;2.036
Guatemala;2015;2.678
Guyana;2015;2.83
Honduras;2015;2.793
Croatia;2015;1.742
Haiti;2015;2.616
Hungary;2015;1.719
Indonesia;2015;1.997
India;2015;2.264
Ireland;2015;1.581
Iran;2015;2.774
Iraq;2015;3.854
Iceland;2015;1.204
Israel;2015;2.316
Italy;2015;2.014
Jamaica;2015;2.652
Jordan;2015;2.077
Japan;2015;1.271
Kazakhstan;2015;2.444
Kenya;2015;2.863
Kyrgyzstan;2015;2.471
Cambodia;2015;2.524
South Korea;2015;1.541
Kosovo;2015;2.148
Kuwait;2015;1.713
Laos;2015;1.986
Lebanon;2015;2.571
Liberia;2015;2.354
Libya;2015;3.112
Sri Lanka;2015;2.385
Lesotho;2015;2.34
Lithuania;2015;2.055
Latvia;2015;1.881
Morocco;2015;2.292
Moldova;2015;2.255
Madagascar;2015;2.271
Mexico;2015;2.958
Macedonia [FYROM];2015;2.159
Mali;2015;2.855
Myanmar [Burma];2015;2.415
Montenegro;2015;2.145
Mongolia;2015;2.239
Mozambique;2015;2.415
Mauritania;2015;2.66
Mauritius;2015;2.052
Malawi;2015;2.038
Malaysia;2015;2.138
Namibia;2015;2.636
Niger;2015;2.559
Nigeria;2015;3.264
Nicaragua;2015;2.55
Netherlands;2015;1.424
Norway;2015;1.3
Nepal;2015;2.417
New Zealand;2015;1.522
Oman;2015;2.13
Pakistan;2015;3.138
Panama;2015;2.661
Peru;2015;2.604
Philippines;2015;2.724
Papua New Guinea;2015;2.352
Poland;2015;1.582
North Korea;2015;2.966
Portugal;2015;1.662
Paraguay;2015;2.57
Qatar;2015;1.552
Romania;2015;1.717
Russia;2015;3.194
Rwanda;2015;2.477
Saudi Arabia;2015;2.123
Sudan;2015;3.468
Senegal;2015;1.943
Singapore;2015;1.294
Sierra Leone;2015;2.241
El Salvador;2015;2.972
Somalia;2015;3.531
Serbia;2015;2.072
Slovakia;2015;1.67
Slovenia;2015;1.321
Sweden;2015;1.259
Syria;2015;3.4
Chad;2015;2.847
Togo;2015;2.167
Thailand;2015;2.877
Tajikistan;2015;2.378
Turkmenistan;2015;2.654
Timor-Leste;2015;2.171
Trinidad and Tobago;2015;2.742
Tunisia;2015;2.458
Turkey;2015;2.803
Taiwan;2015;1.712
Tanzania;2015;2.43
Uganda;2015;2.639
Ukraine;2015;3.043
Uruguay;2015;2.141
United States;2015;2.161
Uzbekistan;2015;2.383
Venezuela;2015;3.318
Vietnam;2015;2.245
Yemen;2015;3.159
South Africa;2015;3.25
Zambia;2015;2.337
Zimbabwe;2015;2.623
Afghanistan;2016;3.871
Angola;2016;2.384
Albania;2016;2.204
United Arab Emirates;2016;1.828
Argentina;2016;2.619
Armenia;2016;2.034
Australia;2016;1.546
Austria;2016;1.331
Azerbaijan;2016;2.339
Burundi;2016;2.901
Belgium;2016;1.768
Benin;2016;2.312
Burkina Faso;2016;2.561
Bangladesh;2016;2.397
Bulgaria;2016;2.022
Bahrain;2016;2.514
Bosnia and Herzegovina;2016;2.171
Belarus;2016;2.296
Bolivia;2016;2.262
Brazil;2016;3.079
Bhutan;2016;1.536
Botswana;2016;2.336
Central African Republic;2016;3.844
Canada;2016;1.399
Switzerland;2016;1.271
Chile;2016;1.992
China;2016;2.358
Côte d´Ivoire;2016;2.797
Cameroon;2016;2.864
Congo [Republic];2016;3.578
Congo [DRC];2016;2.775
Colombia;2016;3.399
Costa Rica;2016;2.162
Cuba;2016;2.49
Cyprus;2016;2.294
Czech Republic;2016;1.583
Germany;2016;1.55
Djibouti;2016;2.516
Denmark;2016;1.311
Dominican Republic;2016;2.628
Algeria;2016;2.422
Ecuador;2016;2.429
Egypt;2016;2.778
Eritrea;2016;3.321
Spain;2016;1.671
Estonia;2016;1.808
Ethiopia;2016;2.643
Finland;2016;1.313
France;2016;1.781
Gabon;2016;2.459
United Kingdom;2016;1.71
Georgia;2016;2.295
Ghana;2016;1.981
Guinea;2016;2.66
Gambia;2016;2.564
Guinea-Bissau;2016;2.471
Equatorial Guinea;2016;2.17
Greece;2016;2.082
Guatemala;2016;2.79
Guyana;2016;2.856
Honduras;2016;2.926
Croatia;2016;1.772
Haiti;2016;2.506
Hungary;2016;1.674
Indonesia;2016;2.059
India;2016;2.376
Ireland;2016;1.576
Iran;2016;2.669
Iraq;2016;4.007
Iceland;2016;1.203
Israel;2016;2.299
Italy;2016;1.994
Jamaica;2016;2.615
Jordan;2016;2.13
Japan;2016;1.362
Kazakhstan;2016;2.42
Kenya;2016;2.823
Kyrgyzstan;2016;2.37
Cambodia;2016;2.521
South Korea;2016;1.657
Kosovo;2016;2.255
Kuwait;2016;1.834
Laos;2016;2.068
Lebanon;2016;2.707
Liberia;2016;2.37
Libya;2016;3.45
Sri Lanka;2016;2.282
Lesotho;2016;2.428
Lithuania;2016;2.109
Latvia;2016;1.793
Morocco;2016;2.329
Moldova;2016;2.366
Madagascar;2016;2.235
Mexico;2016;2.972
Macedonia [FYROM];2016;2.123
Mali;2016;2.712
Myanmar [Burma];2016;2.297
Montenegro;2016;2.152
Mongolia;2016;2.293
Mozambique;2016;2.445
Mauritania;2016;2.699
Mauritius;2016;2.019
Malawi;2016;2.209
Malaysia;2016;2.238
Namibia;2016;2.519
Niger;2016;2.554
Nigeria;2016;3.301
Nicaragua;2016;2.444
Netherlands;2016;1.42
Norway;2016;1.319
Nepal;2016;2.526
New Zealand;2016;1.471
Oman;2016;2.068
Pakistan;2016;3.087
Panama;2016;2.52
Peru;2016;2.568
Philippines;2016;2.694
Papua New Guinea;2016;2.481
Poland;2016;1.667
North Korea;2016;2.97
Portugal;2016;1.54
Paraguay;2016;2.529
Palestinian Territories;2016;2.544
Qatar;2016;1.475
Romania;2016;1.735
Russia;2016;3.109
Rwanda;2016;2.539
Saudi Arabia;2016;2.205
Sudan;2016;3.47
Senegal;2016;1.962
Singapore;2016;1.307
Sierra Leone;2016;2.058
El Salvador;2016;2.878
Somalia;2016;3.63
Serbia;2016;1.934
Slovakia;2016;1.707
Slovenia;2016;1.304
Sweden;2016;1.346
Syria;2016;3.396
Chad;2016;2.891
Togo;2016;2.3
Thailand;2016;2.786
Tajikistan;2016;2.22
Turkmenistan;2016;2.66
Timor-Leste;2016;2.183
Trinidad and Tobago;2016;2.733
Tunisia;2016;2.279
Turkey;2016;2.805
Taiwan;2016;1.706
Tanzania;2016;2.409
Uganda;2016;2.666
Ukraine;2016;2.99
Uruguay;2016;2.163
United States;2016;2.072
Uzbekistan;2016;2.408
Venezuela;2016;3.326
Vietnam;2016;2.177
Yemen;2016;3.513
South Africa;2016;3.155
Zambia;2016;2.363
Zimbabwe;2016;2.475
Afghanistan;2017;3.883
Angola;2017;2.447
Albania;2017;2.226
United Arab Emirates;2017;1.892
Argentina;2017;2.583
Armenia;2017;2.027
Australia;2017;1.601
Austria;2017;1.473
Azerbaijan;2017;2.429
Burundi;2017;3.135
Belgium;2017;1.754
Benin;2017;2.415
Burkina Faso;2017;2.585
Bangladesh;2017;2.385
Bulgaria;2017;1.987
Bahrain;2017;2.611
Bosnia and Herzegovina;2017;2.129
Belarus;2017;2.167
Bolivia;2017;2.31
Brazil;2017;3.158
Bhutan;2017;1.617
Botswana;2017;2.376
Central African Republic;2017;3.658
Canada;2017;1.422
Switzerland;2017;1.229
Chile;2017;1.997
China;2017;2.367
Côte d´Ivoire;2017;2.662
Cameroon;2017;2.708
Congo [Republic];2017;3.523
Congo [DRC];2017;2.806
Colombia;2017;3.45
Costa Rica;2017;2.101
Cuba;2017;2.471
Cyprus;2017;2.302
Czech Republic;2017;1.568
Germany;2017;1.6
Djibouti;2017;2.387
Denmark;2017;1.316
Dominican Republic;2017;2.612
Algeria;2017;2.308
Ecuador;2017;2.36
Egypt;2017;2.592
Eritrea;2017;3.426
Spain;2017;1.667
Estonia;2017;1.752
Ethiopia;2017;2.706
Finland;2017;1.278
France;2017;1.853
Gabon;2017;2.478
United Kingdom;2017;1.723
Georgia;2017;2.365
Ghana;2017;2.052
Guinea;2017;2.493
Gambia;2017;2.607
Guinea-Bissau;2017;2.551
Equatorial Guinea;2017;2.212
Greece;2017;1.898
Guatemala;2017;2.766
Guyana;2017;2.706
Honduras;2017;2.873
Croatia;2017;1.637
Haiti;2017;2.367
Hungary;2017;1.83
Indonesia;2017;2.13
India;2017;2.352
Ireland;2017;1.531
Iran;2017;2.601
Iraq;2017;3.916
Iceland;2017;1.188
Israel;2017;2.394
Italy;2017;1.973
Jamaica;2017;2.627
Jordan;2017;2.123
Japan;2017;1.267
Kazakhstan;2017;2.347
Kenya;2017;2.719
Kyrgyzstan;2017;2.384
Cambodia;2017;2.428
South Korea;2017;1.634
Kosovo;2017;2.15
Kuwait;2017;1.937
Laos;2017;2.102
Lebanon;2017;2.706
Liberia;2017;2.37
Libya;2017;3.318
Sri Lanka;2017;2.065
Lesotho;2017;2.487
Lithuania;2017;1.959
Latvia;2017;1.764
Morocco;2017;2.119
Moldova;2017;2.316
Madagascar;2017;2.294
Mexico;2017;3.058
Macedonia [FYROM];2017;2.292
Mali;2017;2.988
Myanmar [Burma];2017;2.198
Montenegro;2017;2.263
Mongolia;2017;2.212
Mozambique;2017;2.441
Mauritania;2017;2.847
Mauritius;2017;1.996
Malawi;2017;2.114
Malaysia;2017;2.356
Namibia;2017;2.445
Niger;2017;2.625
Nigeria;2017;3.158
Nicaragua;2017;2.521
Netherlands;2017;1.439
Norway;2017;1.195
Nepal;2017;2.524
New Zealand;2017;1.464
Oman;2017;1.886
Pakistan;2017;2.89
Panama;2017;2.464
Peru;2017;2.542
Philippines;2017;2.835
Papua New Guinea;2017;2.412
Poland;2017;1.721
North Korea;2017;2.973
Portugal;2017;1.467
Paraguay;2017;2.509
Palestinian Territories;2017;2.673
Qatar;2017;1.533
Romania;2017;1.745
Russia;2017;2.99
Rwanda;2017;2.377
Saudi Arabia;2017;2.229
Sudan;2017;3.345
Senegal;2017;1.976
Singapore;2017;1.305
Sierra Leone;2017;2.108
El Salvador;2017;2.983
Somalia;2017;3.499
Serbia;2017;1.973
Slovakia;2017;1.802
Slovenia;2017;1.326
Sweden;2017;1.358
Syria;2017;3.481
Chad;2017;2.885
Togo;2017;2.267
Thailand;2017;2.846
Tajikistan;2017;2.248
Turkmenistan;2017;2.665
Timor-Leste;2017;2.244
Trinidad and Tobago;2017;2.749
Tunisia;2017;2.28
Turkey;2017;2.935
Taiwan;2017;1.736
Tanzania;2017;2.263
Uganda;2017;2.606
Ukraine;2017;3.056
Uruguay;2017;2.178
United States;2017;2.056
Uzbekistan;2017;2.359
Venezuela;2017;3.413
Vietnam;2017;2.182
Yemen;2017;3.473
South Africa;2017;3.144
Zambia;2017;2.224
Zimbabwe;2017;2.502
Afghanistan;2018;4.129
Angola;2018;2.372
Albania;2018;2.108
United Arab Emirates;2018;1.806
Argentina;2018;2.585
Armenia;2018;2.105
Australia;2018;1.568
Austria;2018;1.388
Azerbaijan;2018;2.367
Burundi;2018;3.114
Belgium;2018;1.739
Benin;2018;2.344
Burkina Faso;2018;2.571
Bangladesh;2018;2.25
Bulgaria;2018;1.903
Bahrain;2018;2.604
Bosnia and Herzegovina;2018;2.19
Belarus;2018;2.219
Bolivia;2018;2.358
Brazil;2018;3.08
Bhutan;2018;1.418
Botswana;2018;2.451
Central African Republic;2018;3.736
Canada;2018;1.427
Switzerland;2018;1.358
Chile;2018;2.071
China;2018;2.248
Côte d´Ivoire;2018;2.708
Cameroon;2018;2.84
Congo [Republic];2018;3.683
Congo [DRC];2018;2.87
Colombia;2018;3.434
Costa Rica;2018;2.195
Cuba;2018;2.431
Cyprus;2018;2.123
Czech Republic;2018;1.56
Germany;2018;1.577
Djibouti;2018;2.399
Denmark;2018;1.318
Dominican Republic;2018;2.734
Algeria;2018;2.326
Ecuador;2018;2.429
Egypt;2018;2.574
Eritrea;2018;3.422
Spain;2018;1.809
Estonia;2018;1.735
Ethiopia;2018;2.826
Finland;2018;1.329
France;2018;1.862
Gabon;2018;2.571
United Kingdom;2018;1.832
Georgia;2018;2.366
Ghana;2018;2.037
Guinea;2018;2.473
Gambia;2018;2.538
Guinea-Bissau;2018;2.525
Equatorial Guinea;2018;2.259
Greece;2018;1.898
Guatemala;2018;2.762
Guyana;2018;2.773
Honduras;2018;2.923
Croatia;2018;1.604
Haiti;2018;2.48
Hungary;2018;1.926
Indonesia;2018;2.121
India;2018;2.315
Ireland;2018;1.455
Iran;2018;2.784
Iraq;2018;3.775
Iceland;2018;1.206
Israel;2018;2.424
Italy;2018;2.095
Jamaica;2018;2.715
Jordan;2018;2.107
Japan;2018;1.249
Kazakhstan;2018;2.34
Kenya;2018;2.759
Kyrgyzstan;2018;2.371
Cambodia;2018;2.537
South Korea;2018;1.658
Kosovo;2018;2.317
Kuwait;2018;1.865
Laos;2018;2.11
Lebanon;2018;2.674
Liberia;2018;2.307
Libya;2018;3.19
Sri Lanka;2018;2.182
Lesotho;2018;2.518
Lithuania;2018;1.903
Latvia;2018;1.759
Morocco;2018;2.137
Moldova;2018;2.256
Madagascar;2018;2.218
Mexico;2018;3.13
Macedonia [FYROM];2018;2.135
Mali;2018;2.973
Myanmar [Burma];2018;2.588
Montenegro;2018;2.125
Mongolia;2018;2.306
Mozambique;2018;2.566
Mauritania;2018;2.894
Mauritius;2018;2.038
Malawi;2018;2.192
Malaysia;2018;2.181
Namibia;2018;2.467
Niger;2018;2.677
Nigeria;2018;3.042
Nicaragua;2018;2.427
Netherlands;2018;1.474
Norway;2018;1.232
Nepal;2018;2.553
New Zealand;2018;1.423
Oman;2018;1.954
Pakistan;2018;2.743
Panama;2018;2.438
Peru;2018;2.495
Philippines;2018;2.939
Papua New Guinea;2018;2.416
Poland;2018;1.711
North Korea;2018;2.969
Portugal;2018;1.511
Paraguay;2018;2.435
Palestinian Territories;2018;2.649
Qatar;2018;1.577
Romania;2018;1.761
Russia;2018;3.129
Rwanda;2018;2.545
Saudi Arabia;2018;2.3
Sudan;2018;3.249
Senegal;2018;1.922
Singapore;2018;1.349
Sierra Leone;2018;2.103
El Salvador;2018;3.144
Somalia;2018;3.592
Serbia;2018;1.945
Slovakia;2018;1.722
Slovenia;2018;1.33
Sweden;2018;1.375
Syria;2018;3.548
Chad;2018;2.695
Togo;2018;2.355
Thailand;2018;2.708
Tajikistan;2018;2.242
Turkmenistan;2018;2.62
Timor-Leste;2018;2.2
Trinidad and Tobago;2018;2.664
Tunisia;2018;2.376
Turkey;2018;2.853
Taiwan;2018;1.765
Tanzania;2018;2.495
Uganda;2018;2.661
Ukraine;2018;3.029
Uruguay;2018;2.284
United States;2018;2.094
Uzbekistan;2018;2.234
Venezuela;2018;3.474
Vietnam;2018;2.182
Yemen;2018;3.529
South Africa;2018;3.15
Zambia;2018;2.316
Zimbabwe;2018;2.632
Afghanistan;2019;4.134
Angola;2019;2.347
Albania;2019;2.176
United Arab Emirates;2019;1.796
Argentina;2019;2.745
Armenia;2019;2.045
Australia;2019;1.57
Austria;2019;1.378
Azerbaijan;2019;2.418
Burundi;2019;3.174
Belgium;2019;1.725
Benin;2019;2.34
Burkina Faso;2019;2.61
Bangladesh;2019;2.298
Bulgaria;2019;2.015
Bahrain;2019;2.508
Bosnia and Herzegovina;2019;2.136
Belarus;2019;2.332
Bolivia;2019;2.347
Brazil;2019;3.212
Bhutan;2019;1.388
Botswana;2019;2.538
Central African Republic;2019;3.673
Canada;2019;1.434
Switzerland;2019;1.29
Chile;2019;2.165
China;2019;2.228
Côte d´Ivoire;2019;2.617
Cameroon;2019;2.868
Congo [Republic];2019;3.614
Congo [DRC];2019;2.832
Colombia;2019;3.535
Costa Rica;2019;2.211
Cuba;2019;2.463
Cyprus;2019;2.189
Czech Republic;2019;1.564
Germany;2019;1.605
Djibouti;2019;2.369
Denmark;2019;1.283
Dominican Republic;2019;2.725
Algeria;2019;2.353
Ecuador;2019;2.458
Egypt;2019;2.536
Eritrea;2019;3.416
Spain;2019;1.841
Estonia;2019;1.689
Ethiopia;2019;2.81
Finland;2019;1.285
France;2019;1.754
Gabon;2019;2.61
United Kingdom;2019;1.715
Georgia;2019;2.215
Ghana;2019;1.938
Guinea;2019;2.484
Gambia;2019;2.379
Guinea-Bissau;2019;2.358
Equatorial Guinea;2019;2.231
Greece;2019;1.871
Guatemala;2019;2.876
Guyana;2019;2.902
Honduras;2019;3.006
Croatia;2019;1.668
Haiti;2019;2.565
Hungary;2019;1.871
Indonesia;2019;2.148
India;2019;2.266
Ireland;2019;1.467
Iran;2019;2.763
Iraq;2019;3.722
Iceland;2019;1.181
Israel;2019;2.345
Italy;2019;2.018
Jamaica;2019;2.699
Jordan;2019;2.033
Japan;2019;1.33
Kazakhstan;2019;2.237
Kenya;2019;2.639
Kyrgyzstan;2019;2.32
Cambodia;2019;2.437
South Korea;2019;1.614
Kosovo;2019;2.333
Kuwait;2019;1.817
Laos;2019;2.089
Lebanon;2019;2.799
Liberia;2019;2.229
Libya;2019;3.24
Sri Lanka;2019;2.336
Lesotho;2019;2.555
Lithuania;2019;1.832
Latvia;2019;1.803
Morocco;2019;2.279
Moldova;2019;2.364
Madagascar;2019;2.221
Mexico;2019;3.229
Macedonia [FYROM];2019;2.008
Mali;2019;3.125
Myanmar [Burma];2019;2.562
Montenegro;2019;2.276
Mongolia;2019;2.388
Mozambique;2019;2.528
Mauritania;2019;2.898
Mauritius;2019;1.997
Malawi;2019;2.113
Malaysia;2019;2.188
Namibia;2019;2.478
Niger;2019;2.588
Nigeria;2019;3.062
Nicaragua;2019;2.834
Netherlands;2019;1.499
Norway;2019;1.217
Nepal;2019;2.45
New Zealand;2019;1.55
Oman;2019;1.95
Pakistan;2019;2.726
Panama;2019;2.473
Peru;2019;2.437
Philippines;2019;2.91
Papua New Guinea;2019;2.497
Poland;2019;1.711
North Korea;2019;2.968
Portugal;2019;1.444
Paraguay;2019;2.599
Palestinian Territories;2019;2.653
Qatar;2019;1.503
Romania;2019;1.783
Russia;2019;3.059
Rwanda;2019;2.29
Saudi Arabia;2019;2.225
Sudan;2019;3.119
Senegal;2019;2.053
Singapore;2019;1.255
Sierra Leone;2019;2.199
El Salvador;2019;3.115
Somalia;2019;3.428
Serbia;2019;1.882
Slovakia;2019;1.675
Slovenia;2019;1.297
Sweden;2019;1.483
Syria;2019;3.527
Chad;2019;2.781
Togo;2019;2.505
Thailand;2019;2.815
Tajikistan;2019;2.5
Turkmenistan;2019;2.65
Timor-Leste;2019;2.131
Trinidad and Tobago;2019;2.676
Tunisia;2019;2.278
Turkey;2019;2.932
Taiwan;2019;1.747
Tanzania;2019;2.342
Uganda;2019;2.694
Ukraine;2019;2.953
Uruguay;2019;2.239
United States;2019;2.227
Uzbekistan;2019;2.257
Venezuela;2019;3.678
Vietnam;2019;2.2
Yemen;2019;3.659
South Africa;2019;3.285
Zambia;2019;2.296
Zimbabwe;2019;2.709
Afghanistan;2020;4.136
Angola;2020;2.381
Albania;2020;2.142
United Arab Emirates;2020;1.833
Argentina;2020;2.726
Armenia;2020;2.028
Australia;2020;1.533
Austria;2020;1.411
Azerbaijan;2020;2.327
Burundi;2020;2.951
Belgium;2020;1.811
Benin;2020;2.483
Burkina Faso;2020;2.694
Bangladesh;2020;2.324
Bulgaria;2020;1.961
Bahrain;2020;2.514
Bosnia and Herzegovina;2020;2.181
Belarus;2020;2.266
Bolivia;2020;2.49
Brazil;2020;3.295
Bhutan;2020;1.417
Botswana;2020;2.526
Central African Republic;2020;3.475
Canada;2020;1.479
Switzerland;2020;1.264
Chile;2020;2.271
China;2020;2.138
Côte d´Ivoire;2020;2.729
Cameroon;2020;2.983
Congo [Republic];2020;3.682
Congo [DRC];2020;2.796
Colombia;2020;3.465
Costa Rica;2020;2.188
Cuba;2020;2.544
Cyprus;2020;2.229
Czech Republic;2020;1.57
Germany;2020;1.64
Djibouti;2020;2.397
Denmark;2020;1.33
Dominican Republic;2020;2.644
Algeria;2020;2.328
Ecuador;2020;2.465
Egypt;2020;2.467
Eritrea;2020;3.405
Spain;2020;1.807
Estonia;2020;1.663
Ethiopia;2020;2.793
Finland;2020;1.263
France;2020;1.897
Gabon;2020;2.603
United Kingdom;2020;1.761
Georgia;2020;2.298
Ghana;2020;2.099
Guinea;2020;2.566
Gambia;2020;2.382
Guinea-Bissau;2020;2.331
Equatorial Guinea;2020;2.235
Greece;2020;1.758
Guatemala;2020;2.815
Guyana;2020;2.874
Honduras;2020;3.038
Croatia;2020;1.597
Haiti;2020;2.538
Hungary;2020;1.827
Indonesia;2020;2.207
India;2020;2.351
Ireland;2020;1.519
Iran;2020;3.017
Iraq;2020;3.735
Iceland;2020;1.216
Israel;2020;2.379
Italy;2020;1.945
Jamaica;2020;2.766
Jordan;2020;2.227
Japan;2020;1.307
Kazakhstan;2020;2.441
Kenya;2020;2.639
Kyrgyzstan;2020;2.299
Cambodia;2020;2.34
South Korea;2020;1.483
Kosovo;2020;2.348
Kuwait;2020;1.781
Laos;2020;2.116
Lebanon;2020;2.765
Liberia;2020;2.295
Libya;2020;3.306
Sri Lanka;2020;2.429
Lesotho;2020;2.475
Lithuania;2020;1.824
Latvia;2020;1.854
Morocco;2020;2.307
Moldova;2020;2.262
Madagascar;2020;2.326
Mexico;2020;3.206
Macedonia [FYROM];2020;2.051
Mali;2020;3.07
Myanmar [Burma];2020;2.661
Montenegro;2020;2.31
Mongolia;2020;2.38
Mozambique;2020;2.601
Mauritania;2020;2.911
Mauritius;2020;2.082
Malawi;2020;2.265
Malaysia;2020;2.08
Namibia;2020;2.385
Niger;2020;2.914
Nigeria;2020;2.956
Nicaragua;2020;2.985
Netherlands;2020;1.566
Norway;2020;1.267
Nepal;2020;2.466
New Zealand;2020;1.582
Oman;2020;1.942
Pakistan;2020;2.661
Panama;2020;2.467
Peru;2020;2.479
Philippines;2020;2.774
Papua New Guinea;2020;2.481
Poland;2020;1.776
North Korea;2020;3.048
Portugal;2020;1.437
Paraguay;2020;2.49
Palestinian Territories;2020;2.683
Qatar;2020;1.525
Romania;2020;1.834
Russia;2020;2.888
Rwanda;2020;2.363
Saudi Arabia;2020;2.25
Sudan;2020;3.232
Senegal;2020;1.988
Singapore;2020;1.246
Sierra Leone;2020;2.224
El Salvador;2020;3.15
Somalia;2020;3.481
Serbia;2020;1.966
Slovakia;2020;1.715
Slovenia;2020;1.291
Sweden;2020;1.532
Syria;2020;3.577
Chad;2020;2.855
Togo;2020;2.389
Thailand;2020;2.815
Tajikistan;2020;2.474
Turkmenistan;2020;2.484
Timor-Leste;2020;2.246
Trinidad and Tobago;2020;2.669
Tunisia;2020;2.224
Turkey;2020;3.045
Taiwan;2020;1.713
Tanzania;2020;2.371
Uganda;2020;2.716
Ukraine;2020;2.961
Uruguay;2020;2.29
United States;2020;2.241
Uzbekistan;2020;2.256
Venezuela;2020;3.533
Vietnam;2020;2.358
Yemen;2020;3.853
South Africa;2020;3.174
Zambia;2020;2.427
Zimbabwe;2020;2.755
Afghanistan;2021;4.177
Angola;2021;2.486
Albania;2021;2.164
United Arab Emirates;2021;1.836
Argentina;2021;2.607
Armenia;2021;1.877
Australia;2021;1.611
Austria;2021;1.534
Azerbaijan;2021;2.382
Burundi;2021;2.839
Belgium;2021;1.807
Benin;2021;2.572
Burkina Faso;2021;2.94
Bangladesh;2021;2.318
Bulgaria;2021;1.927
Bahrain;2021;2.424
Bosnia and Herzegovina;2021;2.064
Belarus;2021;2.449
Bolivia;2021;2.484
Brazil;2021;3.302
Bhutan;2021;1.384
Botswana;2021;2.343
Central African Republic;2021;3.414
Canada;2021;1.461
Switzerland;2021;1.353
Chile;2021;2.377
China;2021;2.043
Côte d´Ivoire;2021;2.75
Cameroon;2021;3.048
Congo [Republic];2021;3.76
Congo [DRC];2021;2.778
Colombia;2021;3.486
Costa Rica;2021;2.163
Cuba;2021;2.538
Cyprus;2021;2.228
Czech Republic;2021;1.563
Germany;2021;1.639
Djibouti;2021;2.375
Denmark;2021;1.315
Dominican Republic;2021;2.593
Algeria;2021;2.426
Ecuador;2021;2.628
Egypt;2021;2.651
Eritrea;2021;3.365
Spain;2021;1.831
Estonia;2021;1.647
Ethiopia;2021;2.871
Finland;2021;1.405
France;2021;1.901
Gabon;2021;2.511
United Kingdom;2021;1.732
Georgia;2021;2.277
Ghana;2021;2.049
Guinea;2021;2.529
Gambia;2021;2.173
Guinea-Bissau;2021;2.334
Equatorial Guinea;2021;2.239
Greece;2021;1.914
Guatemala;2021;2.817
Guyana;2021;2.864
Honduras;2021;3.08
Croatia;2021;1.598
Haiti;2021;2.639
Hungary;2021;1.566
Indonesia;2021;2.121
India;2021;2.371
Ireland;2021;1.539
Iran;2021;2.867
Iraq;2021;3.703
Iceland;2021;1.322
Israel;2021;2.258
Italy;2021;1.969
Jamaica;2021;2.757
Jordan;2021;2.181
Japan;2021;1.262
Kazakhstan;2021;2.25
Kenya;2021;2.581
Kyrgyzstan;2021;2.195
Cambodia;2021;2.311
South Korea;2021;1.547
Kosovo;2021;2.354
Kuwait;2021;1.789
Laos;2021;2.091
Lebanon;2021;2.799
Liberia;2021;2.396
Libya;2021;3.299
Sri Lanka;2021;2.372
Lesotho;2021;2.546
Lithuania;2021;1.81
Latvia;2021;1.876
Morocco;2021;2.175
Moldova;2021;2.217
Madagascar;2021;2.326
Mexico;2021;3.218
Macedonia [FYROM];2021;1.925
Mali;2021;3.336
Myanmar [Burma];2021;2.9
Montenegro;2021;2.215
Mongolia;2021;2.383
Mozambique;2021;2.555
Mauritania;2021;2.883
Mauritius;2021;2.139
Malawi;2021;2.285
Malaysia;2021;2.019
Namibia;2021;2.445
Niger;2021;2.976
Nigeria;2021;2.921
Nicaragua;2021;3.01
Netherlands;2021;1.554
Norway;2021;1.269
Nepal;2021;2.598
New Zealand;2021;1.54
Oman;2021;1.957
Pakistan;2021;2.698
Panama;2021;2.458
Peru;2021;2.527
Philippines;2021;2.816
Papua New Guinea;2021;2.579
Poland;2021;1.6
North Korea;2021;2.957
Portugal;2021;1.54
Paraguay;2021;2.503
Palestinian Territories;2021;2.539
Qatar;2021;1.488
Romania;2021;1.814
Russia;2021;2.91
Rwanda;2021;2.321
Saudi Arabia;2021;2.282
Sudan;2021;3.186
Senegal;2021;2.085
Singapore;2021;1.309
Sierra Leone;2021;2.245
El Salvador;2021;2.983
Somalia;2021;3.476
Serbia;2021;1.916
Slovakia;2021;1.822
Slovenia;2021;1.302
Sweden;2021;1.522
Syria;2021;3.541
Chad;2021;2.858
Togo;2021;2.485
Thailand;2021;2.76
Tajikistan;2021;2.282
Turkmenistan;2021;2.497
Timor-Leste;2021;2.177
Trinidad and Tobago;2021;2.654
Tunisia;2021;2.275
Turkey;2021;2.943
Taiwan;2021;1.668
Tanzania;2021;2.354
Uganda;2021;2.777
Ukraine;2021;2.679
Uruguay;2021;2.513
United States;2021;2.573
Uzbekistan;2021;2.227
Venezuela;2021;3.639
Vietnam;2021;2.135
Yemen;2021;3.913
South Africa;2021;3.208
Zambia;2021;2.366
Zimbabwe;2021;2.726
Afghanistan;2022;4.135
Angola;2022;2.439
Albania;2022;2.13
United Arab Emirates;2022;1.854
Argentina;2022;2.651
Armenia;2022;2.004
Australia;2022;1.656
Austria;2022;1.467
Azerbaijan;2022;2.441
Burundi;2022;2.967
Belgium;2022;1.857
Benin;2022;2.598
Burkina Faso;2022;3.026
Bangladesh;2022;2.441
Bulgaria;2022;1.965
Bahrain;2022;2.444
Bosnia and Herzegovina;2022;2.053
Belarus;2022;2.577
Bolivia;2022;2.515
Brazil;2022;3.307
Bhutan;2022;1.376
Botswana;2022;2.468
Central African Republic;2022;3.496
Canada;2022;1.63
Switzerland;2022;1.36
Chile;2022;2.374
China;2022;2.062
Côte d´Ivoire;2022;2.741
Cameroon;2022;3.036
Congo [Republic];2022;3.753
Congo [DRC];2022;2.676
Colombia;2022;3.599
Costa Rica;2022;2.32
Cuba;2022;2.7
Cyprus;2022;2.263
Czech Republic;2022;1.556
Germany;2022;1.599
Djibouti;2022;2.493
Denmark;2022;1.307
Dominican Republic;2022;2.638
Algeria;2022;2.298
Ecuador;2022;2.471
Egypt;2022;2.497
Eritrea;2022;3.379
Spain;2022;1.834
Estonia;2022;1.665
Ethiopia;2022;2.94
Finland;2022;1.347
France;2022;1.875
Gabon;2022;2.482
United Kingdom;2022;1.735
Georgia;2022;2.409
Ghana;2022;2.031
Guinea;2022;2.622
Gambia;2022;2.181
Guinea-Bissau;2022;2.429
Equatorial Guinea;2022;2.252
Greece;2022;1.773
Guatemala;2022;2.817
Guyana;2022;2.857
Honduras;2022;2.997
Croatia;2022;1.546
Haiti;2022;2.691
Hungary;2022;1.564
Indonesia;2022;2.091
India;2022;2.336
Ireland;2022;1.508
Iran;2022;2.894
Iraq;2022;3.598
Iceland;2022;1.178
Israel;2022;2.254
Italy;2022;1.924
Jamaica;2022;2.776
Jordan;2022;2.08
Japan;2022;1.285
Kazakhstan;2022;2.481
Kenya;2022;2.665
Kyrgyzstan;2022;2.244
Cambodia;2022;2.195
South Korea;2022;1.502
Kosovo;2022;2.28
Kuwait;2022;1.697
Laos;2022;2.076
Lebanon;2022;2.765
Liberia;2022;2.418
Libya;2022;3.1
Sri Lanka;2022;2.317
Lesotho;2022;2.553
Lithuania;2022;1.79
Latvia;2022;1.84
Morocco;2022;2.182
Moldova;2022;2.148
Madagascar;2022;2.344
Mexico;2022;3.141
Macedonia [FYROM];2022;1.921
Mali;2022;3.344
Myanmar [Burma];2022;3.133
Montenegro;2022;2.295
Mongolia;2022;2.413
Mozambique;2022;2.777
Mauritania;2022;2.795
Mauritius;2022;2.163
Malawi;2022;2.146
Malaysia;2022;1.997
Namibia;2022;2.536
Niger;2022;2.867
Nigeria;2022;2.995
Nicaragua;2022;2.901
Netherlands;2022;1.514
Norway;2022;1.259
Nepal;2022;2.548
New Zealand;2022;1.639
Oman;2022;1.925
Pakistan;2022;2.654
Panama;2022;2.476
Peru;2022;2.713
Philippines;2022;2.696
Papua New Guinea;2022;2.613
Poland;2022;1.689
North Korea;2022;3.016
Portugal;2022;1.529
Paraguay;2022;2.466
Palestinian Territories;2022;2.624
Qatar;2022;1.422
Romania;2022;1.792
Russia;2022;2.972
Rwanda;2022;2.36
Saudi Arabia;2022;2.188
Sudan;2022;3.242
Senegal;2022;2.134
Singapore;2022;1.327
Sierra Leone;2022;2.216
El Salvador;2022;3.064
Somalia;2022;3.491
Serbia;2022;2.047
Slovakia;2022;1.737
Slovenia;2022;1.329
Sweden;2022;1.486
Syria;2022;3.892
Chad;2022;2.922
Togo;2022;2.493
Thailand;2022;2.745
Tajikistan;2022;2.321
Turkmenistan;2022;2.446
Timor-Leste;2022;2.214
Trinidad and Tobago;2022;2.669
Tunisia;2022;2.407
Turkey;2022;3.015
Taiwan;2022;1.634
Tanzania;2022;2.447
Uganda;2022;2.982
Ukraine;2022;2.878
Uruguay;2022;2.473
United States;2022;2.398
Uzbekistan;2022;2.226
Venezuela;2022;3.581
Vietnam;2022;2.112
Yemen;2022;4.024
South Africa;2022;3.074
Zambia;2022;2.359
Zimbabwe;2022;2.744
Afghanistan;2023;4.136
Angola;2023;2.423
Albania;2023;2.078
United Arab Emirates;2023;1.85
Argentina;2023;2.519
Armenia;2023;1.987
Australia;2023;1.606
Austria;2023;1.51
Azerbaijan;2023;2.339
Burundi;2023;2.878
Belgium;2023;1.802
Benin;2023;2.682
Burkina Faso;2023;3.253
Bangladesh;2023;2.435
Bulgaria;2023;2.008
Bahrain;2023;2.364
Bosnia and Herzegovina;2023;2.144
Belarus;2023;2.495
Bolivia;2023;2.555
Brazil;2023;3.319
Bhutan;2023;1.608
Botswana;2023;2.376
Central African Republic;2023;3.532
Canada;2023;1.537
Switzerland;2023;1.31
Chile;2023;2.332
China;2023;2.07
Côte d´Ivoire;2023;2.505
Cameroon;2023;2.974
Congo [Republic];2023;3.749
Congo [DRC];2023;2.788
Colombia;2023;3.584
Costa Rica;2023;2.231
Cuba;2023;2.701
Cyprus;2023;2.281
Czech Republic;2023;1.526
Germany;2023;1.628
Djibouti;2023;2.531
Denmark;2023;1.305
Dominican Republic;2023;2.535
Algeria;2023;2.423
Ecuador;2023;2.571
Egypt;2023;2.467
Eritrea;2023;3.428
Spain;2023;1.836
Estonia;2023;1.657
Ethiopia;2023;3.087
Finland;2023;1.251
France;2023;1.872
Gabon;2023;2.537
United Kingdom;2023;1.723
Georgia;2023;2.452
Ghana;2023;2.057
Guinea;2023;2.659
Gambia;2023;2.272
Guinea-Bissau;2023;2.412
Equatorial Guinea;2023;2.448
Greece;2023;1.857
Guatemala;2023;2.83
Guyana;2023;2.909
Honduras;2023;3.046
Croatia;2023;1.581
Haiti;2023;2.944
Hungary;2023;1.736
Indonesia;2023;2.104
India;2023;2.346
Ireland;2023;1.548
Iran;2023;2.907
Iraq;2023;3.577
Iceland;2023;1.282
Israel;2023;2.349
Italy;2023;1.93
Jamaica;2023;2.785
Jordan;2023;2.125
Japan;2023;1.272
Kazakhstan;2023;2.291
Kenya;2023;2.639
Kyrgyzstan;2023;2.272
Cambodia;2023;2.176
South Korea;2023;1.485
Kosovo;2023;2.275
Kuwait;2023;1.693
Laos;2023;2.088
Lebanon;2023;2.815
Liberia;2023;2.441
Libya;2023;3.155
Sri Lanka;2023;2.442
Lesotho;2023;2.7
Lithuania;2023;1.753
Latvia;2023;1.741
Morocco;2023;2.256
Moldova;2023;2.125
Madagascar;2023;2.347
Mexico;2023;3.133
Macedonia [FYROM];2023;1.915
Mali;2023;3.539
Myanmar [Burma];2023;3.211
Montenegro;2023;2.172
Mongolia;2023;2.442
Mozambique;2023;2.789
Mauritania;2023;2.78
Mauritius;2023;2.106
Malawi;2023;2.25
Malaysia;2023;2.092
Namibia;2023;2.504
Niger;2023;2.85
Nigeria;2023;3.057
Nicaragua;2023;2.881
Netherlands;2023;1.519
Norway;2023;1.301
Nepal;2023;2.541
New Zealand;2023;1.594
Oman;2023;1.863
Pakistan;2023;2.767
Panama;2023;2.638
Peru;2023;2.729
Philippines;2023;2.6
Papua New Guinea;2023;2.592
Poland;2023;1.71
North Korea;2023;2.96
Portugal;2023;1.546
Paraguay;2023;2.479
Palestinian Territories;2023;2.769
Qatar;2023;1.439
Romania;2023;1.745
Russia;2023;2.838
Rwanda;2023;2.407
Saudi Arabia;2023;2.137
Sudan;2023;3.25
Senegal;2023;2.174
Singapore;2023;1.3
Sierra Leone;2023;2.244
El Salvador;2023;3.048
Somalia;2023;3.641
Serbia;2023;2.003
Slovakia;2023;1.721
Slovenia;2023;1.339
Sweden;2023;1.528
Syria;2023;3.842
Chad;2023;3.03
Togo;2023;2.495
Thailand;2023;2.599
Tajikistan;2023;2.365
Turkmenistan;2023;2.55
Timor-Leste;2023;2.182
Trinidad and Tobago;2023;2.622
Tunisia;2023;2.417
Turkey;2023;3.077
Taiwan;2023;1.638
Tanzania;2023;2.367
Uganda;2023;2.914
Ukraine;2023;3.12
Uruguay;2023;2.528
United States;2023;2.438
Uzbekistan;2023;2.361
Venezuela;2023;3.544
Vietnam;2023;2.053
Yemen;2023;3.9
South Africa;2023;3.112
Zambia;2023;2.38
Zimbabwe;2023;2.781